Onet_Title,Palabras_Clave_Argentina
Chief Executives,Ciencias|Administración|Empresas
Chief Sustainability Officers,Ciencias|Medio Ambiente|Industrias
General and Operations Managers,Administración|Empresas|Producción
Legislators,Politica|Derecho|Sociedad
Advertising and Promotions Managers,Marketing|Publicidad|Comunicación
Marketing Managers,Marketing|Comunicación|Ventas
Sales Managers,Ventas|Comercio|Negocios
Public Relations Managers,Comunicación|Relaciones|Públicas
Fundraising Managers,Administración|Finanzas|Empresas
Administrative Services Managers,Administración|Empresas|Servicios
Facilities Managers,Arquitectura|Ingeniero|Mantenimiento
Security Managers,Seguridad|Emergencias|Vigilancia
Computer and Information Systems Managers,Informática|Tecnología|Sistemas
Financial Managers,Finanzas|Empresas|Contabilidad
Treasurers and Controllers,Finanzas|Contabilidad|Empresas
Investment Fund Managers,Finanzas|Inversión|Empresas
Industrial Production Managers,Industrias|Producción|Ingeniería
Quality Control Systems Managers,Control|Calidad|Sistemas
Geothermal Production Managers,Energía|Geología|Producción
Biofuels Production Managers,Bioenergía|Producción|Química
Biomass Power Plant Managers,Energía|Biomasa|Ingeniería
Hydroelectric Production Managers,Energía|Hidroeléctrica|Ingeniería
Purchasing Managers,Comercio|Ventas|Gestión
"Transportation, Storage, and Distribution Managers",Logística|Transporte|Gestión
Supply Chain Managers,Logística|Comercio|Gestión
Compensation and Benefits Managers,Finanzas|Recursos Humanos|Beneficios
Human Resources Managers,Recursos Humanos|Gestión|Empresas
Training and Development Managers,Formación|Desarrollo|Capacitación
"Farmers, Ranchers, and Other Agricultural Managers",Agricultura|Ganadería|Producción
Construction Managers,Construcción|Ingeniería|Gestión
"Education and Childcare Administrators, Preschool and Daycare",Educación|Desarrollo Infantil|Planificación
"Education Administrators, Kindergarten through Secondary",Educación|Planificación|Dirección
"Education Administrators, Postsecondary",Educación|Planificación|Dirección
Architectural and Engineering Managers,Arquitectura|Ingeniería|Gestión
Biofuels/Biodiesel Technology and Product Development Managers,Bioenergía|Química|Biología
Food Service Managers,Servicios Alimentarios|Gestión|Comedor
Gambling Managers,Juegos|Aposta|Entretenimiento
"Entertainment and Recreation Managers, Except Gambling",Entretenimiento|Recreación|Producción
Lodging Managers,Hoteles|Hospedaje|Gestión
Medical and Health Services Managers,Salud|Servicios Médicos|Gestión
Natural Sciences Managers,Física|Ciencias|Tecnología
Clinical Research Coordinators,Enfermería|Salud|Investigación
Water Resource Specialists,Ingeniero|Ambiental|Recursos Hídicos
Postmasters and Mail Superintendents,Comunicación|Media|Servicios Públicos
"Property, Real Estate, y Community Association Managers",Administración|Empresas|Inmobiliario
Social and Community Service Managers,Sociales|Comunidades|Servicio Público
Emergency Management Directors,Seguridad|Gestión De Emergencias|Planificación
Funeral Home Managers,Turismo|Servicios|Gestión De Empresarios
Fitness and Wellness Coordinators,Recursos Humanos|Salud|Bienestar
Spa Managers,Turismo|Servicios|Higiene
Regulatory Affairs Managers,Leyes|Regulaciones|Gobernanza
Compliance Managers,Leyes|Regulaciones|Gestión De Riesgos
Loss Prevention Managers,Seguridad|Riesgos|Gestión De Empresas
Wind Energy Operations Managers,Energía|Sostenibilidad|Ingeniería
Wind Energy Development Managers,Energía|Sostenibilidad|Desarrollo
Brownfield Redevelopment Specialists and Site Managers,Desarrollo Urbano|Medio Ambiente|Urbanismo
"Agents and Business Managers of Artists, Performers, and Athletes",Arte|Industrias Creativas|Gestión De Empresas
"Buyers and Purchasing Agents, Farm Products",Agronegocios|Comercio|Abastecimiento
"Wholesale and Retail Buyers, Except Farm Products",Comercio|Distribución|Ventas
"Purchasing Agents, Except Wholesale, Retail, and Farm Products",Comercio|Abastecimiento|Gestión De Empresas
"Claims Adjusters, Examiners, and Investigators",Derecho|Seguros|Reclamaciones
"Insurance Appraisers, Auto Damage",Finanzas|Seguros|Evaluaciones
Compliance Officers,Leyes|Regulaciones|Gobernanza
Environmental Compliance Inspectors,Ambiental|Regulaciones|Inspección
Equal Opportunity Representatives and Officers,Derechos Humanos|Igualdad De Oportunidades|Gobernanza
Government Property Inspectors and Investigators,Gobierno|Propiedad|Inspección
Coroners,Medicina Forense|Ciencias Forenses|Justicia
Regulatory Affairs Specialists,Leyes|Regulaciones|Gobernanza
Customs Brokers,Comercio Internacional|Aduanas|Gobernanza
Cost Estimators,Ingeniería|Finanzas|Planificación
Human Resources Specialists,Recursos Humanos|Gobernanza|Desarrollo Laboral
Farm Labor Contractors,Agronegocios|Trabajo|Abastecimiento
Labor Relations Specialists,Trabajo|Gobernanza|Desarrollo Laboral
Logisticians,Logística|Abastecimiento|Gestión De Empresas
Logisticians Engineers,Ingeniería|Logística|Planificación
Logisticians Analysts,Logística|Análisis|Planificación
Project Management Specialists,Proyectos|Gestión|Planificación
Management Analysts,Gobernanza|Desarrollo|Planificación
"Meeting, Convention, and Event Planners",Eventos|Turismo|Planificación
Fundraisers,Asociaciones|Donaciones|Planificación
"Compensation, Benefits, and Job Analysis Specialists",Trabajo|Recursos|Humanos
Training and Development Specialists,Desarrollo|Educación|Orientación
Market Research Analysts and Marketing Specialists,Comercio|Marketing|Investigación
Search Marketing Strategists,Marketing|Internet|Comunicación
Business Continuity Planners,Gestión|Continuidad|Seguridad
Sustainability Specialists,Ambiental|Sostenibilidad|Energía
Online Merchants,Comercio|Electrónico|Finanzas
Security Management Specialists,Seguridad|Pública|Gestión
Accountants and Auditors,Contabilidad|Auditoría|Finanzas
Appraisers of Personal and Business Property,Contabilidad|Finanzas|Negocios
Appraisers and Assessors of Real Estate,Inmobiliario|Finanzas|Geografía
Budget Analysts,Finanzas|Presupuesto|Gestión
Credit Analysts,Finanzas|Crédito|Riesgo
Financial and Investment Analysts,Finanzas|Inversión|Economía
Personal Financial Advisors,Finanzas|Planificación|Asesoría
Insurance Underwriters,Seguros|Finanzas|Riesgo
Financial Risk Specialists,Finanzas|Riesgo|Gestión
Financial Examiners,Contabilidad|Finanzas|Auditoría
Credit Counselors,Finanzas|Crédito|Asesoría
Loan Officers,Finanzas|Crédito|Banca
"Tax Examiners and Collectors, and Revenue Agents",Tributación|Finanzas|Política
Tax Preparers,Tributación|Finanzas|Impuestos
Financial Quantitative Analysts,Matemática|Finanzas|Inversión
"Fraud Examiners, Investigators and Analysts",Seguridad|Investigación|Justicia
Computer Systems Analysts,Informática|Redes|Sistemas
Health Informatics Specialists,Salud|Informática|Gestión
Information Security Analysts,Seguridad|Informática|Pública
Computer and Information Research Scientists,Informática|Recursos|Humanos
Computer Network Support Specialists,Informática|Redes|Servicio
Computer User Support Specialists,Informática|Servicio|Usuario
Computer Network Architects,Informática|Redes|Diseño
Telecommunications Engineering Specialists,Ingeniería|Telecomunicaciones|Redes
Database Administrators,Informática|Banco|Admón
Database Architects,Informática|Banco|Diseño
Data Warehousing Specialists,Informática|Banco|Almacenamiento
Network and Computer Systems Administrators,Informática|Redes|Sistemas
Computer Programmers,Informática|Programación|Desarrollo
Software Developers,Informática|Desarrollo|Aplicaciones
Software Quality Assurance Analysts and Testers,Informática|Calidad|Prueba
Web Developers,Informática|Web|Desarrollo.
Web and Digital Interface Designers,Diseño Digital|Artes|Comunicación
Video Game Designers,Diseño De Videojuegos|Artes|Comunicación
Web Administrators,Administración De Sitios Web|Computación|Tecnología
Geographic Information Systems Technologists and Technicians,Tecnólogos De Sistemas De Información Geográfica|Sistemas Informáticos|Geografía
Document Management Specialists,Especialistas En Gestión Documental|Información|Trabajo
Penetration Testers,Testeadores De Penetración|Seguridad|Computación
Information Security Engineers,Ingenieros De Seguridad De La Información|Seguridad|Computación
Digital Forensics Analysts,Análisis Forenses Digitales|Informática|Política
Blockchain Engineers,Ingenieros De Blockchain|Computación|Economía
Computer Systems Engineers/Architects,Ingenieros|Arquitectos De Sistemas Computacionales|Computación|Sistemas
Information Technology Project Managers,Gerentes De Proyectos En Tecnología De La Información|Tecnología|Trabajo
Actuaries,Actuarios|Economía|Matemática
Mathematicians,Matemáticos|Matemática|Ciencia
Operations Research Analysts,Analistas De Investigación De Operaciones|Matemática|Análisis
Statisticians,Estadísticos|Estadística|Ciencia
Biostatisticians,Estadísticos Biomédicos|Estadística|Biología
Data Scientists,Cienciólogos De Datos|Informática|Trabajo
Business Intelligence Analysts,Analistas De Inteligencia Empresarial|Negocios|Informática
Clinical Data Managers,Gerentes De Datos Clínicos|Salud|Informática
Bioinformatics Technicians,Técnicos De Bioinformática|Biología|Informática
"Architects, Except Landscape and Naval",Arquitectos|Excepto Paisajistas|Navales|Arquitectura|Diseño
Landscape Architects,Paisajistas|Arquitectura|Diseño
Cartographers and Photogrammetrists,Cartógrafos|Fotogramétricos|Geografía|Ciencia
Surveyors,Topógrafos|Geografía|Ingeniero
Geodetic Surveyors,Topógrafos Geodésicos|Geografía|Ingeniero
Aerospace Engineers,Ingenieros Aeroespaciales|Ingeniero|Física
Agricultural Engineers,Ingenieros Agrícolas|Ingeniero|Agricultura
Bioengineers and Biomedical Engineers,Ingenieros Biomédicos|Ingeniero|Biología
Chemical Engineers,Ingenieros Químicos|Química|Ingeniero
Civil Engineers,Ingenieros Civiles|Ingeniero|Construcción
Transportation Engineers,Ingenieros De Transporte|Ingeniero|Tráfico
Water/Wastewater Engineers,Ingenieros De Agua|Desagues|Ingeniero|Medio Ambiente
Computer Hardware Engineers,Ingenieros De Hardware De Computadoras|Computación|Ingeniero
Electrical Engineers,Ingenieros Eléctricos|Electrónica|Ingeniero
"Electronics Engineers, Except Computer",Ingenieros Electrónicos|Excepto Computadoras|Electrónica|Ingeniero
Radio Frequency Identification Device Specialists,Especialistas En Dispositivos De Identificación Por Frecuencia Radio|Electrónica|Informática
Environmental Engineers,Ingenieros Ambientales|Ingeniero|Medio Ambiente
"Health and Safety Engineers, Except Mining Safety Engineers and Inspectors",Ingenieros De Salud|Seguridad|Excepto Ingenieros De Seguridad Minera|Inspectores|Salud|Seguridad
Fire-Prevention and Protection Engineers,Ingenieros De Prevención|Protección Contra Incendios|Seguridad|Arquitectura
Industrial Engineers,Ingenieros Industriales|Ingeniero|Trabajo
* Human Factors Engineers and Ergonomists,Trabajo|Diseño|Psicología
* Validation Engineers,Ingeniero|Física|Producción
* Manufacturing Engineers,Ingeniero|Industrial|Producción
* Marine Engineers and Naval Architects,Naval|Ingeniero|Diseño
* Materials Engineers,Materiales|Física|Ingeniero
* Mechanical Engineers,Mecánica|Física|Ingeniero
* Fuel Cell Engineers,Energía|Electroquímica|Ingeniero
* Automotive Engineers,Automotriz|Ingeniero|Tecnología
"* Mining and Geological Engineers, Including Mining Safety Engineers",Minería|Geología|Ingeniero
* Nuclear Engineers,Nuclear|Física|Ingeniero
* Petroleum Engineers,Petróleo|Ingeniero|Geología
"* Energy Engineers, Except Wind and Solar",Energía|Ingeniero|Sustentabilidad
* Mechatronics Engineers,Mechatrónica|Ingeniero|Electrónica
* Microsystems Engineers,Microelectrónica|Ingeniero|Física
* Photonics Engineers,Física|Ingeniero|Optica
* Robotics Engineers,Robótica|Ingeniero|Electrónica
* Nanosystems Engineers,Nanotecnología|Ingeniero|Física
* Wind Energy Engineers,Energía|Eólica|Ingeniero
* Solar Energy Systems Engineers,Energía|Solar|Ingeniero
* Architectural and Civil Drafters,Arquitectura|Construcción|Desarrollo
* Electrical and Electronics Drafters,Electricidad|Electrónica|Diseño
* Mechanical Drafters,Mecánica|Ingeniero|Diseño
* Aerospace Engineering and Operations Technologists and Technicians,Ingeniero|Aeronáutico|Física
* Civil Engineering Technologists and Technicians,Ingeniero|Civil|Construcción
* Electrical and Electronic Engineering Technologists and Technicians,Electricidad|Electrónica|Ingeniero
* Electro-Mechanical and Mechatronics Technologists and Technicians,Mechatrónica|Electrónica|Ingeniero
* Robotics Technicians,Robótica|Ingeniero|Electrónica
* Environmental Engineering Technologists and Technicians,Ingeniero|Medio Ambiente|Sustentabilidad
* Industrial Engineering Technologists and Technicians,Ingeniero|Industrial|Producción
* Nanotechnology Engineering Technologists and Technicians,Nanotecnología|Ingeniero|Física
* Mechanical Engineering Technologists and Technicians,Mecánica|Ingeniero|Física
* Automotive Engineering Technicians,Automotriz|Ingeniero|Tecnología
* Calibration Technologists and Technicians,Ingeniero|Calibración|Física
* Non-Destructive Testing Specialists,Ingeniero|Pruebas|Física
* Photonics Technicians,Física|Ingeniero|Optica
* Surveying and Mapping Technicians,Ingeniero|Geografía|Topografía
* Animal Scientists,Veterinario|Animales|Biología
* Food Scientists and Technologists,Alimentos|Química|Biología
* Soil and Plant Scientists,Agronomía|Suelos|Vegetal
* Biochemists and Biophysicists,Bioquímica|Biología|Física
Microbiologists,Biología|Microbiología|Ciencia
Zoologists and Wildlife Biologists,Biología|Vida Silvestre|Conservación
Bioinformatics Scientists,Bioinformática|Biología|Computación
Molecular and Cellular Biologists,Biología|Molecular|Celular
Geneticists,Genética|Biología|Ciencia
Biologists,Biología|Vida Silvestre|Conservación
Conservation Scientists,Conservación|Biología|Medio Ambiente
Range Managers,Manejo|Rangos|Medio Ambiente
Park Naturalists,Naturaleza|Parques|Conservación
Foresters,Forestería|Medio Ambiente|Conservación
Epidemiologists,Epidemiología|Salud|Enfermedades
"Medical Scientists, Except Epidemiologists",Medicina|Ciencia|Investigación
Astronomers,Astronomía|Estrellas|Universo
Physicists,Física|Partículas|Energía
Atmospheric and Space Scientists,Aeronáutica|Espacio|Tiempo
Chemists,Química|Materiales|Investigación
Materials Scientists,Materiales|Ciencia|Ingeniería
"Environmental Scientists and Specialists, Including Health",Medio Ambiente|Salud|Conservación
Climate Change Policy Analysts,Política|Cambio Climático|Análisis
Environmental Restoration Planners,Restauración|Medio Ambiente|Conservación
Industrial Ecologists,Ecológica|Industrias|Medio Ambiente
"Geoscientists, Except Hydrologists and Geographers",Geociencias|Tierra|Investigación
Hydrologists,Hidrología|Agua|Recursos
Remote Sensing Scientists and Technologists,Teledetección|Imagen|Información
Economists,Economía|Recursos|Investigación
Environmental Economists,Economía|Medio Ambiente|Conservación
Survey Researchers,Investigación|Sociedad|Datos
Industrial-Organizational Psychologists,Psicología|Organizaciones|Trabajo
Clinical and Counseling Psychologists,Psicología|Salud|Asesoramiento
School Psychologists,Psicología|Educación|Niños
Neuropsychologists,Psicología|Cerebro|Conducta
Clinical Neuropsychologists,Psicología|Cerebro|Enfermedades
Sociologists,Sociología|Sociedad|Investigación
Urban and Regional Planners,Urbanismo|Planificación|Comunidades
Anthropologists and Archeologists,Antropología|Arqueología|Culturas
Geographers,Geografía|Territorio|Investigación
Historians,Historia|Culturas|Sociedad
Political Scientists,Ciencia Política|Gobierno|Política
Transportation Planners,Planificación|Transporte|Comunidades
Agricultural Technicians,Agronomía|Tecnología|Agricultura
Precision Agriculture Technicians,Agronómica|Ingeniería|Tecnología|Agrícola
Food Science Technicians,Química|Bioquímica|Ingeniería|Nutrición|Alimentos
Biological Technicians,Biológica|Genética|Bioquímica|Ciencia|Vida
Chemical Technicians,Química|Bioquímica|Ingeniería|Procesos|Industria
"Environmental Science and Protection Technicians, Including Health",Medio Ambiente|Ecológica|Salud|Conservación
"Geological Technicians, Except Hydrologic Technicians",Geología|Ciencia Terrestre|Recursos Naturales
Hydrologic Technicians,Hidrología|Ciencias Del Agua|Recursos Hídricos
Nuclear Technicians,Nuclear|Energía Nuclear|Ingeniería|Tecnología
Nuclear Monitoring Technicians,Nuclear|Seguridad|Monitoreo|Tecnología
Social Science Research Assistants,Ciencias Sociales|Investigación|Desarrollo|Política
Forest and Conservation Technicians,Conservación|Silvicultura|Ecología|Recursos Naturales
Forensic Science Technicians,Ciencia Forense|Investigación|Justicia|Pruebas
Quality Control Analysts,Análisis|Calidad|Control|Ingeniería
Remote Sensing Technicians,Télidos|Detección|Mapas|Investigación
Occupational Health and Safety Specialists,Salud|Seguridad|Trabajo|Medio Ambiente
Occupational Health and Safety Technicians,Salud|Seguridad|Medio Ambiente|Trabajo
Substance Abuse and Behavioral Disorder Counselors,Adicción|Psicología|Salud|Abuso De Substancias
"Educational, Guidance, and Career Counselors and Advisors",Educación|Orientación|Carrera|Guía
Marriage and Family Therapists,Terapia De Familia|Psicología|Salud|Relaciones
Mental Health Counselors,Salud Mental|Psicología|Trabajo Social|Apoyo
Rehabilitation Counselors,Asesoramiento|Salud|Discapacidad|Recuperación
"Child, Family, and School Social Workers",Familia|Educación|Trabajo Social|Atención
Healthcare Social Workers,Salud|Trabajo Social|Apoyo|Atención
Mental Health and Substance Abuse Social Workers,Salud Mental|Salud|Abuso De Substancias|Trabajo Social
Health Education Specialists,Educación|Salud|Preventiva|Atención
Probation Officers and Correctional Treatment Specialists,Crimen|Justicia|Prevención|Atención
Social and Human Service Assistants,Trabajo Social|Servicios|Humanos|Asistencia
Community Health Workers,Salud|Comunidad|Atención|Apoyo
Clergy,Iglesia|Religiosidad|Fe|Espiritualidad
"Directors, Religious Activities and Education",Iglesia|Educación|Actividades|Religiosidad
Lawyers,Derecho|Abogado|Justicia|Asesoría
Judicial Law Clerks,Justicia|Derecho|Asistente|Apoyo
"Administrative Law Judges, Adjudicators, and Hearing Officers",Justicia|Derecho|Administración|Asuntos
"Arbitrators, Mediators, and Conciliators",Resolución|Medio|Desacuerdo|Asuntos
"Judges, Magistrate Judges, and Magistrates",Justicia|Derecho|Asuntos|Jurisdicción
Paralegals and Legal Assistants,Asistente|Derecho|Abogado|Justicia
"Title Examiners, Abstractors, and Searchers",Propiedad|Derecho|Inmueble|Documento
"Business Teachers, Postsecondary",Negocios|Empresas|Educación|Formación
"Computer Science Teachers, Postsecondary",Computadoras|Ciencia|Educación|Formación
"Mathematical Science Teachers, Postsecondary",Matemáticas|Ciencia|Educación|Formación
"Architecture Teachers, Postsecondary",Diseño|Arquitecto|Construcción
"Engineering Teachers, Postsecondary",Ingeniero|Diseño|Sistemas
"Agricultural Sciences Teachers, Postsecondary",Agronomía|Agrarias|Biológicas
"Biological Science Teachers, Postsecondary",Biología|Ciencia|Química
"Forestry and Conservation Science Teachers, Postsecondary",Ecología|Conservación|Ambiental
"Atmospheric, Earth, Marine, and Space Sciences Teachers, Postsecondary",Física|Geología|Meteorología
"Chemistry Teachers, Postsecondary",Química|Ciencia|Experimentación
"Environmental Science Teachers, Postsecondary",Ciencia|Ambiental|Conservación
"Physics Teachers, Postsecondary",Física|Ciencia|Matemática
"Anthropology and Archeology Teachers, Postsecondary",Antropología|Arqueología|Cultura
"Area, Ethnic, and Cultural Studies Teachers, Postsecondary",Cultura|Etnología|Historia
"Economics Teachers, Postsecondary",Economía|Finanzas|Negocios
"Geography Teachers, Postsecondary",Geografía|Cartografía|Recursos
"Political Science Teachers, Postsecondary",Política|Gobierno|Relaciones
"Psychology Teachers, Postsecondary",Psicología|Conducta|Desarrollo
"Sociology Teachers, Postsecondary",Sociología|Cultura|Comunidad
"Health Specialties Teachers, Postsecondary",Salud|Medicina|Enfermería
"Nursing Instructors and Teachers, Postsecondary",Enfermería|Cuidado|Salud
"Education Teachers, Postsecondary",Educación|Pedagogía|Desarrollo
"Library Science Teachers, Postsecondary",Bibliotecología|Información|Documentación
"Criminal Justice and Law Enforcement Teachers, Postsecondary",Justicia|Ley|Seguridad
"Law Teachers, Postsecondary",Derecho|Jurisprudencia|Abogacía
"Social Work Teachers, Postsecondary",Trabajo Social|Desarrollo|Comunidad
"Art, Drama, y Music Teachers, Postsecondary",Arte|Teatro|Música
"Communications Teachers, Postsecondary",Comunicación|Publicidad|Marketing
"English Language and Literature Teachers, Postsecondary",Inglés|Literatura|Idiomas
"Foreign Language and Literature Teachers, Postsecondary",Idiomas|Literatura|Cultura
"History Teachers, Postsecondary",Historia|Cultura|Sociedad
"Philosophy and Religion Teachers, Postsecondary",Filosofía|Religión|Ética
"Family and Consumer Sciences Teachers, Postsecondary",Familia|Consumo|Educación
"Recreation and Fitness Studies Teachers, Postsecondary",Recreación|Gimnasia|Deporte
"Career/Technical Education Teachers, Postsecondary",Educación|Técnica|Formación
"Preschool Teachers, Except Special Education",Educación|Niñez|Desarrollo
"Kindergarten Teachers, Except Special Education",Educación|Preescolar|Niñez
"Elementary School Teachers, Except Special Education",Educación|Primaria|Desarrollo
"Middle School Teachers, Except Special and Career/Technical Education",Educación|Secundaria|Desarrollo
"Career/Technical Education Teachers, Middle School",Educación|Técnica|Formación
"Secondary School Teachers, Except Special and Career/Technical Education",Educación|Secundaria|Desarrollo
"Career/Technical Education Teachers, Secondary School",Educación|Técnica|Formación
"Special Education Teachers, Preschool",Educación|Especial|Desarrollo
"Special Education Teachers, Kindergarten",Educación|Infantil|Especial
"Special Education Teachers, Elementary School",Educación|Primaria|Especial
"Special Education Teachers, Middle School",Educación|Media|Especial
"Special Education Teachers, Secondary School",Educación|Secundaria|Especial
Adapted Physical Education Specialists,Educación|Física|Adaptada
"Adult Basic Education, Adult Secondary Education, and English as a Second Language Instructors",Educación|Básica|Adulto
Self-Enrichment Teachers,Enseñanza|Auto|Desarrollo
"Substitute Teachers, Short-Term",Enseñanza|Sustituto|Temporal
Tutors,Enseñanza|Tutoría|Individual
Archivists,Bibliotecología|Archivado|Conservación
Curators,Curador|Coleccionista|Conservación
Museum Technicians and Conservators,Conservación|Tecnología|Músico
Librarians and Media Collections Specialists,Bibliotecología|Medios|Recursos
Library Technicians,Bibliotecología|Técnico|Recursos
Farm and Home Management Educators,Educación|Agrícola|Manejo
Instructional Coordinators,Coordinación|Enseñanza|Aprendizaje
"Teaching Assistants, Preschool, Elementary, Middle, and Secondary School, Except Special Education",Asistente|Enseñanza|Secundaria
"Teaching Assistants, Special Education",Asistente|Enseñanza|Especial
"Teaching Assistants, Postsecondary",Asistente|Enseñanza|Secundaria
Art Directors,Artes|Dirección|Creativa
Craft Artists,Artes|Manual|Herrería
"Fine Artists, Including Painters, Sculptors, and Illustrators",Artes|Bellas|Plástica
Special Effects Artists and Animators,Artes|Efectos|Animación
Commercial and Industrial Designers,Diseño|Comercial|Industrial
Fashion Designers,Diseño|Moda|Fashion
Floral Designers,Diseño|Floral|Floriculutra
Graphic Designers,Diseño|Gráfico|Visual
Interior Designers,Diseño|Interior|Arquitecto
Merchandise Displayers and Window Trimmers,Comercio|Exhibición|Visual
Set and Exhibit Designers,Diseño|Exhibición|Teatro
Actors,Actuación|Teatro|Interpretación
Producers and Directors,Producción|Dirección|Cine
Media Programming Directors,Medios|Programación|Dirección
Talent Directors,Dirección|Talentos|Artísticos
Media Technical Directors/Managers,Medios|Técnico|Dirección
Athletes and Sports Competitors,Deporte|Competencia|Atletismo
Coaches and Scouts,Deporte|Entrenamiento|Selección
"Umpires, Referees, and Other Sports Officials",Deporte|Arbitraje|Regulación
Dancers,Danza|Artística|Expresión
Choreographers,Danza|Coreografía|Creación
Music Directors and Composers,Música|Artes|Humanos
Musicians and Singers,Música|Artes|Humanos
"Disc Jockeys, Except Radio",Música|Comunicación|Radio
Broadcast Announcers and Radio Disc Jockeys,Música|Comunicación|Radio
"News Analysts, Reporters, and Journalists",Información|Comunicación|Política
Public Relations Specialists,Comunicación|Publicidad|Relaciones
Editors,Bibliotecología|Información|Redacción
Technical Writers,Tecnología|Información|Redacción
Writers and Authors,Letras|Literatura|Humanos
"Poets, Lyricists and Creative Writers",Letras|Literatura|Humanos
Interpreters and Translators,Lengua|Información|Internacional
Court Reporters and Simultaneous Captioners,Jurisprudencia|Información|Comunicación
Audio and Video Technicians,Electrónico|Audiovisuales|Tecnología
Broadcast Technicians,Comunicación|Audiovisuales|Tecnología
Sound Engineering Technicians,Audiovisuales|Tecnología|Sonido
Lighting Technicians,Artes|Técnica|Iluminación
Photographers,Fotografías|Arte|Visual
"Camera Operators, Television, Video, and Film",Cine|Audiovisuales|Producción
Film and Video Editors,Cine|Audiovisuales|Edición
Chiropractors,Medicina|Salud|Trabajo
"Dentists, General",Odontología|Salud|Atención
Oral and Maxillofacial Surgeons,Cirugía|Salud|Odontología
Orthodontists,Odontología|Salud|Trabajo
Prosthodontists,Odontología|Salud|Trabajo
Dietitians and Nutritionists,Nutrición|Salud|Alimentos
Optometrists,Oftalmología|Salud|Visión
Pharmacists,Farmacia|Salud|Atención
Physician Assistants,Medicina|Salud|Asistencia
Anesthesiologist Assistants,Medicina|Salud|Anestesia
Podiatrists,Podología|Salud|Trabajo
Occupational Therapists,Terapia|Salud|Asistencia
"Low Vision Therapists, Orientation and Mobility Specialists, and Vision Rehabilitation Therapists",Visión|Rehabilitación|Terapia
Physical Therapists,Medicina|Salud|Trabajo
Radiation Therapists,Radiología|Oncología|Salud
Recreational Therapists,Terapia|Recreación|Salud
Respiratory Therapists,Terapia|Salud|Asistencia
Speech-Language Pathologists,Lingüística|Terapia|Comunicación
Exercise Physiologists,Fisiología|Medicina|Deporte
Art Therapists,Arte|Terapia|Humanos
Music Therapists,Música|Terapia|Humanos
Veterinarians,Veterinario|Veterinaria|Animales
Registered Nurses,Enfermeras|Enfermería|Salud
Acute Care Nurses,Enfermeras Críticas|Enfermería|Salud
Advanced Practice Psychiatric Nurses,Enfermeros Psiquiátricos Avanzados|Enfermería|Psicología
Critical Care Nurses,Enfermeras De Atención Crítica|Enfermería|Salud
Clinical Nurse Specialists,Especialistas En Enfermería Clínica|Enfermería|Salud
Nurse Anesthetists,Anestesiologas|Anestesia|Salud
Nurse Midwives,Paridas|Obstetricia|Salud
Nurse Practitioners,Enfermeras Prácticas|Enfermería|Salud
Audiologists,Audiología|Audición
Anesthesiologists,Anestesiología|Anestesia|Salud
Cardiologists,Cardiología|Corazón
Dermatologists,Dermatología|Piel
Emergency Medicine Physicians,Medicos De Medicina De Emergencias|Medicina
Family Medicine Physicians,Medicos De Familia|Medicina
General Internal Medicine Physicians,Medicos De Medicina Interna General|Medicina
Neurologists,Neurología|Cerebro
Obstetricians and Gynecologists,Obstetricos Y Ginecologos|Obstetricia|Ginecología
"Pediatricians, General",Pedagogos|Pediatría
"Physicians, Pathologists",Patólogos|Patología|Medicina
Psychiatrists,Psiquiatras|Psiquiatría
Radiologists,Radiólogos|Radiología
Allergists and Immunologists,Alelgistas E Inmunologos|Alergología|Inmunología
Hospitalists,Hospitalizados|Medicina
Urologists,Urologos|Urología
Physical Medicine and Rehabilitation Physicians,Medicos De Medicina Física Y Rehabilitación|Fisioterapia|Medicina
Preventive Medicine Physicians,Medicos De Medicina Preventiva|Medicina
Sports Medicine Physicians,Medicos De Medicina Del Deporte|Medicina
"Ophthalmologists, Except Pediatric",Oftalmologos (Excepto Pediátrico)|Oftalmología
"Orthopedic Surgeons, Except Pediatric",Ortopedistas (Excepto Pediátrico)|Ortopedia|Cirugía
Pediatric Surgeons,Cirujanos Pediátricos|Cirugía|Pediatría
Acupuncturists,Acupunturistas|Acupuntura
Dental Hygienists,Higienistas Dentales|Odontología
Naturopathic Physicians,Naturopáticos|Medicina Natural
Orthoptists,Ortópticos|Ortopedia|Oftalmología
Medical and Clinical Laboratory Technologists,Tecnólogos De Laboratorio Clínico|Laboratorio|Medicina
Cytogenetic Technologists,Tecnólogos Citogenéticos|Citología|Genética
Cytotechnologists,Citotecnologos|Citología
Histotechnologists,Tecnólogos De Histopatología|Histología|Patología
Medical and Clinical Laboratory Technicians,Tecnicos De Laboratorio Clínico|Laboratorio|Medicina
Histology Technicians,Ciencias|Biología|Médica|Bioquímico
Cardiovascular Technologists and Technicians,Ingeniero|Física|Biológicas|Médica
Diagnostic Medical Sonographers,Ciencias|Física|Biológicas
Nuclear Medicine Technologists,Ingeniero|Física|Biológicas|Médica
Radiologic Technologists and Technicians,Ingeniero|Física|Biológicas|Médica
Magnetic Resonance Imaging Technologists,Ingeniero|Física|Biológicas|Ciencia
Medical Dosimetrists,Ingeniero|Física|Biológicas|Ciencia|Médica
Emergency Medical Technicians,Enfermería|Primeros Auxilios
Paramedics,Enfermería|Primeros Auxilios|Emergencia
Dietetic Technicians,Nutrición
Pharmacy Technicians,Farmacéutico
Psychiatric Technicians,Psicología|Social
Surgical Technologists,Cirugía|Enfermería
Veterinary Technologists and Technicians,Veterinario|Bioquímico
Ophthalmic Medical Technicians,Oftalmología|Optometría
Licensed Practical and Licensed Vocational Nurses,Enfermería
Medical Records Specialists,Administración|Informática|Enfermería
"Opticians, Dispensing",Optometría
Orthotists and Prosthetists,Enfermería|Rehabilitación
Hearing Aid Specialists,Audiología|Electrónico
Neurodiagnostic Technologists,Neurología|Enfermería|Física
Ophthalmic Medical Technologists,Oftalmología|Optometría
Patient Representatives,Asistente Social
Health Information Technologists and Medical Registrars,Informática|Enfermería
Athletic Trainers,Deporte|Fisioterapia|Medicina Deportiva
Genetic Counselors,Genética|Medicina Genética
Surgical Assistants,Cirugía|Enfermería
Midwives,Medicina|Maternidad
Home Health Aides,Enfermería|Salud Pública
Personal Care Aides,Enfermería|Cuidados Personales
Nursing Assistants,Enfermería
Orderlies,Enfermería|Salud Pública
Psychiatric Aides,Psicología|Social
Occupational Therapy Assistants,Fisioterapia|Ocupacional|Rehabilitación
Occupational Therapy Aides,Fisioterapia|Ocupacional|Rehabilitación
Physical Therapist Assistants,Fisioterapia|Kinesiología
Physical Therapist Aides,Fisioterapia|Kinesiología
Massage Therapists,Terapia De Masaje
Dental Assistants,Odontología
Medical Assistants,Enfermería|Asistente Médico
Medical Equipment Preparers,Ingeniero|Informática|Tecnología
Medical Transcriptionists,Informática|Tecnología|Comunicación
Pharmacy Aides,Farmacéutico|Química|Gestión
Veterinary Assistants and Laboratory Animal Caretakers,Veterinario|Animal|Biología
Phlebotomists,Enfermería|Sangre|Química
Speech-Language Pathology Assistants,Psicología|Educación|Lingüística
Endoscopy Technicians,Medicina|Química|Tecnología
First-Line Supervisors of Correctional Officers,Política|Sociedad|Gestión
First-Line Supervisors of Police and Detectives,Política|Sociedad|Gestión
First-Line Supervisors of Firefighting and Prevention Workers,Seguridad|Ambiental|Gestión
First-Line Supervisors of Security Workers,Seguridad|Política|Gestión
Firefighters,Fuego|Seguridad|Gestión
Fire Inspectors and Investigators,Seguridad|Política|Gestión
Forest Fire Inspectors and Prevention Specialists,Ambiental|Conservación|Gestión
Bailiffs,Política|Sociedad|Gestión
Correctional Officers and Jailers,Política|Sociedad|Gestión
Detectives and Criminal Investigators,Política|Sociedad|Gestión
Police Identification and Records Officers,Política|Sociedad|Gestión
Intelligence Analysts,Política|Sociedad|Ingeniero
Fish and Game Wardens,Pesca|Conservación|Biología
Parking Enforcement Workers,Política|Sociedad|Gestión
Police and Sheriff's Patrol Officers,Política|Sociedad|Gestión
Customs and Border Protection Officers,Política|Sociedad|Gestión
Transit and Railroad Police,Política|Sociedad|Gestión
Animal Control Workers,Biología|Conservación|Gestión
Private Detectives and Investigators,Política|Sociedad|Gestión
Gambling Surveillance Officers and Gambling Investigators,Política|Sociedad|Gestión
Security Guards,Seguridad|Política|Gestión
Crossing Guards and Flaggers,Seguridad|Política|Gestión
"Lifeguards, Ski Patrol, and Other Recreational Protective Service Workers",Recreación|Seguridad|Gestión
Transportation Security Screeners,Seguridad|Política|Gestión
School Bus Monitors,Educación|Seguridad|Gestión
Retail Loss Prevention Specialists,Comercio|Gestión|Gestión
Chefs and Head Cooks,Gastronomía|Nutrición|Gestión
First-Line Supervisors of Food Preparation and Serving Workers,Gastronomía|Nutrición|Gestión
"Cooks, Fast Food",Gastronomía|Nutrición|Gestión
"Cooks, Institution and Cafeteria",Gastronomía|Nutrición|Gestión
"Cooks, Private Household",Gastronomía|Nutrición|Gestión
"Cooks, Restaurant",Gastronomía|Nutrición|Gestión
"Cooks, Short Order",Gastronomía|Nutrición|Gestión
Food Preparation Workers,Gastronomía|Industria|Servicios
Bartenders,Servicio|Gestión|Relaciones
Fast Food and Counter Workers,Producción|Comercio|Servicios
Baristas,Cafetería|Servicio|Gestión
Waiters and Waitresses,Servicio|Gestión|Relaciones
"Food Servers, Nonrestaurant",Servicio|Gastronomía|Comercio
Dining Room and Cafeteria Attendants and Bartender Helpers,Enseñanza|Administración|Servicio
Dishwashers,Higiene|Servicios|Industria
"Hosts and Hostesses, Restaurant, Lounge, and Coffee Shop",Servicio|Comunicación|Gestión
First-Line Supervisors of Housekeeping and Janitorial Workers,Gestión|Servicios|Administración
"First-Line Supervisors of Landscaping, Lawn Service, and Groundskeeping Workers",Agricultura|Servicios|Conservación
"Janitors and Cleaners, Except Maids and Housekeeping Cleaners",Servicios|Higiene|Mantenimiento
Maids and Housekeeping Cleaners,Servicios|Higiene|Mantenimiento
Pest Control Workers,Biología|Ecología|Servicios
Landscaping and Groundskeeping Workers,Agricultura|Conservación|Jardinería
"Pesticide Handlers, Sprayers, and Applicators, Vegetation",Química|Ecología|Servicios
Tree Trimmers and Pruners,Jardinería|Conservación|Agricultura
First-Line Supervisors of Gambling Services Workers,Juego|Entretenimiento|Servicio
"First-Line Supervisors of Entertainment and Recreation Workers, Except Gambling Services",Arte|Entretenimiento|Servicio
First-Line Supervisors of Personal Service Workers,Servicio|Gestión|Relaciones
Animal Trainers,Biología|Comunicación|Animales
Animal Caretakers,Biología|Comunicación|Animales
Gambling Dealers,Juego|Entretenimiento|Servicio
Gambling and Sports Book Writers and Runners,Juego|Comunicación|Entretenimiento
Motion Picture Projectionists,Arte|Entretenimiento|Técnica
"Ushers, Lobby Attendants, and Ticket Takers",Servicio|Gestión|Relaciones
Amusement and Recreation Attendants,Arte|Entretenimiento|Servicio
Costume Attendants,Arte|Diseño|Teatro
"Locker Room, Coatroom, and Dressing Room Attendants",Servicio|Gestión|Relaciones
Embalmers,Medicina|Antropología|Servicios
Crematory Operators,Medicina|Servicios|Administración
Funeral Attendants,Servicio|Gestión|Relaciones
"Morticians, Undertakers, and Funeral Arrangers",Medicina|Antropología|Servicios
Barbers,Cosmetología|Servicio|Estética
"Hairdressers, Hairstylists, and Cosmetologists",Cosmetología|Servicio|Estética
"Makeup Artists, Theatrical and Performance",Arte|Diseño|Teatro
Manicurists and Pedicurists,Cosmetología|Servicio|Estética
Shampooers,Cosmetología|Servicio|Estética
Skincare Specialists,Cosmetología|Medicina|Estética
Baggage Porters and Bellhops,Servicio|Gestión|Relaciones
Concierges,Administración|Hotelaria
Tour Guides and Escorts,Turismo|Comunicación
Travel Guides,Turismo|Geografía
Childcare Workers,Educación|Infantil
Nannies,Educación|Infantil
Exercise Trainers and Group Fitness Instructors,Educación Física|Deporte
Recreation Workers,Turismo|Deporte
Residential Advisors,Administración|Educación
First-Line Supervisors of Retail Sales Workers,Comercio|Marketing
First-Line Supervisors of Non-Retail Sales Workers,Comercio|Marketing
Cashiers,Comercio|Contabilidad
Gambling Change Persons and Booth Cashiers,Comercio|Jugado
Counter and Rental Clerks,Comercio|Servicios
Parts Salespersons,Comercio|Ingeniero
Retail Salespersons,Comercio|Marketing
Advertising Sales Agents,Comunicación|Marketing
Insurance Sales Agents,Economía|Finanzas
"Securities, Commodities, and Financial Services Sales Agents",Economía|Finanzas
Travel Agents,Turismo|Comunicación
"Sales Representatives of Services, Except Advertising, Insurance, Financial Services, and Travel",Comercio|Marketing
"Sales Representatives, Wholesale and Manufacturing, Technical and Scientific Products",Comercio|Ingeniero
Solar Sales Representatives and Assessors,Energía|Ambiental
"Sales Representatives, Wholesale and Manufacturing, Except Technical and Scientific Products",Comercio|Marketing
Demonstrators and Product Promoters,Comercio|Marketing
Models,Artes|Comunicación
Real Estate Brokers,Economía|Inmobiliario
Real Estate Sales Agents,Economía|Inmobiliario
Sales Engineers,Ingeniero|Comercio
Telemarketers,Comercio|Marketing
"Door-to-Door Sales Workers, News and Street Vendors, and Related Workers",Comercio|Marketing
First-Line Supervisors of Office and Administrative Support Workers,Administración|Gestión
"Switchboard Operators, Including Answering Service",Informática|Comunicación
Telephone Operators,Informática|Comunicación
Bill and Account Collectors,Economía|Contabilidad
Billing and Posting Clerks,Contabilidad|Finanzas
"Bookkeeping, Accounting, and Auditing Clerks",Contabilidad|Finanzas
Gambling Cage Workers,Juego|Comercio
Payroll and Timekeeping Clerks,Contabilidad|Finanzas
Procurement Clerks,Comercio|Logística
Tellers,Comercio|Bancario
Brokerage Clerks,Finanzas|Comercio|Contabilidad.
Correspondence Clerks,Comunicación|Ofimática|Gestión.
"Court, Municipal, y License Clerks",Derecho|Administración|Gobierno.
"Credit Authorizers, Checkers, y Clerks",Finanzas|Comercio|Seguridad.
Customer Service Representatives,Comunicación|Gestión|Clientes.
"Eligibility Interviewers, Government Programs",Gobierno|Recursos Humanos|Psicología.
File Clerks,Organización|Gestión|Información.
"Hotel, Motel, y Resort Desk Clerks",Industria Hotelera|Turismo|Gestión.
"Interviewers, Except Eligibility and Loan",Recursos Humanos|Psicología|Comunicación.
"Library Assistants, Clerical",Bibliotecología|Información|Educación.
Loan Interviewers and Clerks,Finanzas|Comercio|Seguridad.
New Accounts Clerks,Finanzas|Comercio|Contabilidad.
Order Clerks,Comercio|Gestión|Organización.
"Human Resources Assistants, Except Payroll and Timekeeping",Recursos Humanos|Psicología|Gestión.
Receptionists and Information Clerks,Comunicación|Información|Gestión.
Reservation and Transportation Ticket Agents and Travel Clerks,Turismo|Gestión|Comunicación.
Cargo and Freight Agents,Comercio|Logística|Gestión.
Freight Forwarders,Comercio|Logística|Gestión.
Couriers and Messengers,Comunicación|Gestión|Logística.
Public Safety Telecommunicators,Seguridad|Comunicación|Emergencias.
"Dispatchers, Except Police, Fire, and Ambulance",Gestión|Comunicación|Emergencias.
"Meter Readers, Utilities",Energía|Gestión|Contabilidad.
Postal Service Clerks,Correos|Gestión|Logística.
Postal Service Mail Carriers,Correos|Gestión|Logística.
"Postal Service Mail Sorters, Processors, y Processing Machine Operators",Correos|Gestión|Información.
"Production, Planning, and Expediting Clerks",Producción|Gestión|Logística.
"Shipping, Receiving, y Inventory Clerks",Logística|Gestión|Comercio.
"Weighers, Measurers, Checkers, y Samplers, Recordkeeping",Calidad|Comercio|Gestión.
Executive Secretaries and Executive Administrative Assistants,Administración|Gestión|Asesoría.
Legal Secretaries and Administrative Assistants,Derecho|Asesoría|Gestión.
Medical Secretaries and Administrative Assistants,Salud|Asesoría|Gestión.
"Secretaries and Administrative Assistants, Except Legal, Medical, y Executive",Asesoría|Gestión|Ofimática.
Data Entry Keyers,Informática|Datos|Gestión.
Word Processors and Typists,Ofimática|Gestión|Redacción.
Desktop Publishers,Diseño|Publicidad|Comunicación.
Insurance Claims and Policy Processing Clerks,Seguridad|Finanzas|Comercio.
"Mail Clerks and Mail Machine Operators, Except Postal Service",Correos|Gestión|Logística.
"Office Clerks, General",Ofimática|Gestión|Comunicación.
"Office Machine Operators, Except Computer",Ofimática|Gestión|Mecánica.
Proofreaders and Copy Markers,Edición|Redacción|Publicidad.
Statistical Assistants,Matemática|Informática|Estadística
"First-Line Supervisors of Farming, Fishing, and Forestry Workers",Agricultura|Recursos|Producción
Agricultural Inspectors,Agricultura|Control|Seguridad
Animal Breeders,Biología|Veterinaria|Producción
"Graders and Sorters, Agricultural Products",Agricultura|Inspección|Producción
Agricultural Equipment Operators,Agricultura|Instrumentación|Tecnología
"Farmworkers and Laborers, Crop, Nursery, and Greenhouse",Agricultura|Producción|Conservación
"Farmworkers, Farm, Ranch, and Aquacultural Animals",Agricultura|Producción|Veterinaria
Fishing and Hunting Workers,Pesca|Caza|Recursos
Forest and Conservation Workers,Recursos|Conservación|Ecología
Fallers,Madera|Tecnología|Producción
Logging Equipment Operators,Madera|Instrumentación|Tecnología
Log Graders and Scalers,Madera|Inspección|Producción
First-Line Supervisors of Construction Trades and Extraction Workers,Construcción|Producción|Seguridad
Solar Energy Installation Managers,Energía Solar|Tecnología|Gestión
Boilermakers,Ingeniero|Metalurgia|Tecnología
Brickmasons and Blockmasons,Arquitectura|Construcción|Producción
Stonemasons,Arquitectura|Construcción|Producción
Carpenters,Arquitectura|Construcción|Producción
Carpet Installers,Diseño|Arquitectura|Construcción
"Floor Layers, Except Carpet, Wood, and Hard Tiles",Diseño|Arquitectura|Construcción
Floor Sanders and Finishers,Diseño|Arquitectura|Construcción
Tile and Stone Setters,Artes|Diseño|Construcción
Cement Masons and Concrete Finishers,Ingeniero|Construcción|Producción
Terrazzo Workers and Finishers,Artes|Diseño|Construcción
Construction Laborers,Ocupación|Construcción|Producción
"Paving, Surfacing, and Tamping Equipment Operators",Ingeniero|Construcción|Tecnología
Pile Driver Operators,Ingeniero|Construcción|Tecnología
Operating Engineers and Other Construction Equipment Operators,Ingeniero|Construcción|Tecnología
Drywall and Ceiling Tile Installers,Arquitectura|Diseño|Construcción
Tapers,Diseño|Arquitectura|Construcción
Electricians,Ingeniero|Electricidad|Tecnología
Glaziers,Diseño|Arquitectura|Construcción
"Insulation Workers, Floor, Ceiling, and Wall",Ingeniero|Construcción|Tecnología
"Insulation Workers, Mechanical",Ingeniero|Energía|Tecnología
"Painters, Construction and Maintenance",Diseño|Arquitectura|Construcción
Paperhangers,Diseño|Arquitectura|Construcción
Pipelayers,Ingeniero|Construcción|Tecnología
"Plumbers, Pipefitters, and Steamfitters",Ingeniero|Energía|Tecnología
Solar Thermal Installers and Technicians,Energía Solar|Tecnología|Gestión
Plasterers and Stucco Masons,Arquitectura|Construcción|Ingeniero
Reinforcing Iron and Rebar Workers,Ingeniero|Construcción|Metalúrgico
Roofers,Ingeniero|Arquitectura|Construcción
Sheet Metal Workers,Ingeniero|Metalúrgico|Electromecánica
Structural Iron and Steel Workers,Ingeniero|Construcción|Metalúrgico
Solar Photovoltaic Installers,Energía|Tecnología|Ingeniero
"Helpers--Brickmasons, Blockmasons, Stonemasons, and Tile and Marble Setters",Arquitectura|Construcción|Arte
Helpers--Carpenters,Ingeniero|Arquitectura|Construcción
Helpers--Electricians,Ingeniero|Electricidad|Electrónica
"Helpers--Painters, Paperhangers, Plasterers, and Stucco Masons",Arquitectura|Construcción|Arte
"Helpers--Pipelayers, Plumbers, Pipefitters, and Steamfitters",Ingeniero|Industria|Química
Helpers--Roofers,Ingeniero|Arquitectura|Construcción
Construction and Building Inspectors,Ingeniero|Arquitectura|Construcción
Energy Auditors,Energía|Tecnología|Ingeniero
Elevator and Escalator Installers and Repairers,Ingeniero|Mecánica|Electromecánica
Fence Erectors,Ingeniero|Agrimensura|Construcción
Hazardous Materials Removal Workers,Química|Ingeniero|Seguridad
Highway Maintenance Workers,Ingeniero|Construcción|Carreteras
Rail-Track Laying and Maintenance Equipment Operators,Ingeniero|Industria|Transporte
Septic Tank Servicers and Sewer Pipe Cleaners,Ingeniero|Higiene|Química
Segmental Pavers,Ingeniero|Construcción|Arquitectura
Weatherization Installers and Technicians,Energía|Tecnología|Ingeniero
"Derrick Operators, Oil and Gas",Ingeniero|Petróleo|Geología
"Rotary Drill Operators, Oil and Gas",Ingeniero|Petróleo|Geología
"Service Unit Operators, Oil and Gas",Ingeniero|Petróleo|Geología
"Excavating and Loading Machine and Dragline Operators, Surface Mining",Ingeniero|Minas|Geología
"Earth Drillers, Except Oil and Gas",Ingeniero|Geología|Minas
"Explosives Workers, Ordnance Handling Experts, and Blasters",Química|Ingeniero|Seguridad
Continuous Mining Machine Operators,Ingeniero|Minas|Geología
"Roof Bolters, Mining",Ingeniero|Minas|Geología
"Loading and Moving Machine Operators, Underground Mining",Ingeniero|Industria|Transporte
"Rock Splitters, Quarry",Ingeniero|Geología|Minas
"Roustabouts, Oil and Gas",Ingeniero|Petróleo|Geología
Helpers--Extraction Workers,Ingeniero|Minas|Geología
"First-Line Supervisors of Mechanics, Installers, and Repairers",Ingeniero|Mecánica|Electromecánica
"Computer, Automated Teller, and Office Machine Repairers",Tecnología|Informática|Electrónica
"Radio, Cellular, and Tower Equipment Installers and Repairers",Tecnología|Electrónica|Comunicación
"Telecommunications Equipment Installers and Repairers, Except Line Installers",Tecnología|Comunicación|Electrónica
Avionics Technicians,Aviación|Tecnología|Electrónica
"Electric Motor, Power Tool, and Related Repairers",Ingeniero|Electromecánica|Mecánica
Electrical and Electronics Installers and Repairers,Tecnología|Electricidad|Electrónica
Transportation Equipment Electrical and Electronics Repairers,Producción|Energía|Industrias
"Electrical and Electronics Repairers, Commercial and Industrial Equipment",Comercio|Industria|Tecnología
"Electrical and Electronics Repairers, Powerhouse, Substation, and Relay",Energía|Electricidad|Instrumentación
"Electronic Equipment Installers and Repairers, Motor Vehicles",Tecnología|Automotriz|Electricidad
Audiovisual Equipment Installers and Repairers,Audiovisuales|Producción|Tecnología
Security and Fire Alarm Systems Installers,Seguridad|Protección|Tecnología
Aircraft Mechanics and Service Technicians,Aerotécnica|Aviación|Servicios
Automotive Body and Related Repairers,Diseño|Producción|Industrias
Automotive Glass Installers and Repairers,Vidrio|Diseño|Producción
Automotive Service Technicians and Mechanics,Automotriz|Servicios|Mecánica
Bus and Truck Mechanics and Diesel Engine Specialists,Transporte|Automotriz|Energía
Farm Equipment Mechanics and Service Technicians,Agricultura|Producción|Servicios
"Mobile Heavy Equipment Mechanics, Except Engines",Producción|Energía|Tecnología
Rail Car Repairers,Transporte|Servicios|Mecánica
Motorboat Mechanics and Service Technicians,Energía|Servicios|Navegación
Motorcycle Mechanics,Automotriz|Servicios|Mecánica
Outdoor Power Equipment and Other Small Engine Mechanics,Energía|Servicios|Producción
Bicycle Repairers,Ciclismo|Producción|Servicios
Recreational Vehicle Service Technicians,Servicios|Turismo|Recreación
Tire Repairers and Changers,Industrias|Servicios|Tecnología
Mechanical Door Repairers,Energía|Servicios|Industrial
"Control and Valve Installers and Repairers, Except Mechanical Door",Instrumentación|Control|Energía
"Heating, Air Conditioning, and Refrigeration Mechanics and Installers",Energía|Servicios|Industrial
Home Appliance Repairers,Producción|Servicios|Tecnología
Industrial Machinery Mechanics,Industrias|Servicios|Producción
"Maintenance Workers, Machinery",Servicios|Producción|Industrial
Millwrights,Producción|Energía|Industrias
"Refractory Materials Repairers, Except Brickmasons",Industrias|Producción|Servicios
Electrical Power-Line Installers and Repairers,Energía|Electricidad|Tecnología
Telecommunications Line Installers and Repairers,Comunicación|Red|Tecnología
Camera and Photographic Equipment Repairers,Foto|Producción|Servicios
Medical Equipment Repairers,Salud|Servicios|Tecnología
Musical Instrument Repairers and Tuners,Música|Producción|Servicios
Watch and Clock Repairers,Diseño|Producción|Servicios
"Maintenance and Repair Workers, General",Servicios|Producción|Industrial
Wind Turbine Service Technicians,Energía|Servicios|Industrial
"Coin, Vending, and Amusement Machine Servicers and Repairers",Servicios|Producción|Tecnología
Commercial Divers,Inmersión|Servicios|Producción
Locksmiths and Safe Repairers,Seguridad|Protección|Servicios
Manufactured Building and Mobile Home Installers,Producción|Servicios|Tecnología
Riggers,Ingeniería Civil|Artes Aplicadas
Signal and Track Switch Repairers,Ingeniería Física|Electrónica
"Helpers--Installation, Maintenance, and Repair Workers",Servicio Técnico|Mantenimiento
Geothermal Technicians,Energía Geotérmica|Ciencia Ambiental
First-Line Supervisors of Production and Operating Workers,Gestión Industrial|Supervisión
"Aircraft Structure, Surfaces, Rigging, and Systems Assemblers",Diseño Aeronáutico|Construcción Aeronáutica
"Coil Winders, Tapers, and Finishers",Máquina|Mecánica
Electrical and Electronic Equipment Assemblers,Tecnología Electrónica|Electrónica
Electromechanical Equipment Assemblers,Electromecánica|Automatización
Engine and Other Machine Assemblers,Máquina|Fabricación Mecánica
Structural Metal Fabricators and Fitters,Construcción Metal|Fabricación Metal
Fiberglass Laminators and Fabricators,Materiales Compuestos|Tecnología
Timing Device Assemblers and Adjusters,Electrónica|Hora
Team Assemblers,Ingeniería De Equipo|Producción
Bakers,Panadería|Gastronomía
Butchers and Meat Cutters,Carnicería|Industria Alimentaria
"Meat, Poultry, and Fish Cutters and Trimmers",Curtiduría|Pesca
Slaughterers and Meat Packers,Carnicería|Industria Alimentaria
"Food and Tobacco Roasting, Baking, and Drying Machine Operators and Tenders",Maquinaria|Industria Alimentaria
Food Batchmakers,Industria Alimentaria|Control De Calidad
Food Cooking Machine Operators and Tenders,Cocinera|Nutrición
"Extruding and Drawing Machine Setters, Operators, and Tenders, Metal and Plastic",Maquinaria|Fabricación Plástica
"Forging Machine Setters, Operators, and Tenders, Metal and Plastic",Fundición|Máquina
"Rolling Machine Setters, Operators, and Tenders, Metal and Plastic",Acero|Fabricación Metal
"Cutting, Punching, and Press Machine Setters, Operators, and Tenders, Metal and Plastic",Maquinaria|Metalurgia
"Drilling and Boring Machine Tool Setters, Operators, and Tenders, Metal and Plastic",Máquina|Metalurgia
"Grinding, Lapping, Polishing, and Buffing Machine Tool Setters, Operators, and Tenders, Metal and Plastic",Maquinaria|Metalurgia
"Lathe and Turning Machine Tool Setters, Operators, and Tenders, Metal and Plastic",Máquina|Metalurgia
"Milling and Planing Machine Setters, Operators, and Tenders, Metal and Plastic",Máquina|Construcción
Machinists,Máquina|Metalurgia
Metal-Refining Furnace Operators and Tenders,Metalurgia|Industria Metal
"Pourers and Casters, Metal",Fundición|Metalurgia
"Model Makers, Metal and Plastic",Diseño|Construcción
"Patternmakers, Metal and Plastic",Diseño|Metalurgia
Foundry Mold and Coremakers,Fundición|Metalurgia
"Molding, Coremaking, and Casting Machine Setters, Operators, and Tenders, Metal and Plastic",Maquinaria|Metalurgia
"Multiple Machine Tool Setters, Operators, and Tenders, Metal and Plastic",Máquina|Metalurgia
Tool and Die Makers,Herramienta|Metalurgia
"Welders, Cutters, Solderers, and Brazers",Soldadura|Metalurgia
"Welding, Soldering, and Brazing Machine Setters, Operators, and Tenders",Soldadura|Metalurgia
"Heat Treating Equipment Setters, Operators, y Tenders, Metal and Plastic",Física|Ingeniero|Metalurgia
"Layout Workers, Metal and Plastic",Diseño|Industrial|Sistemas
"Plating Machine Setters, Operators, y Tenders, Metal and Plastic",Física|Ingeniero|Metalurgia
"Tool Grinders, Filers, y Sharpeners",Fabricación|Maquinaria|Instrumentación
Prepress Technicians and Workers,Diseño Gráfico|Comunicación|Medios
Printing Press Operators,Comunicación|Media|Producción
Print Binding and Finishing Workers,Industria Gráfica|Producción|Técnicas
Laundry and Dry-Cleaning Workers,Higiene|Cosmetología|Servicios
"Pressers, Textile, Garment, y Related Materials",Indumentaria|Textil|Diseño
Sewing Machine Operators,Máquina|Textil|Indumentaria
Shoe and Leather Workers and Repairers,Cuero|Relojería|Maquinaria
Shoe Machine Operators and Tenders,Maquinaria|Textil|Indumentaria
"Sewers, Hand",Diseño|Textil|Indumentaria
"Tailors, Dressmakers, y Custom Sewers",Indumentaria|Diseño|Textil
Textile Bleaching and Dyeing Machine Operators and Tenders,Física|Química|Textil
"Textile Cutting Machine Setters, Operators, y Tenders",Diseño|Textil|Industria
"Textile Knitting and Weaving Machine Setters, Operators, y Tenders",Textil|Industria|Tecnología
"Textile Winding, Twisting, and Drawing Out Machine Setters, Operators, y Tenders",Fabricación|Textil|Industria
"Extruding and Forming Machine Setters, Operators, y Tenders, Synthetic and Glass Fibers",Plástico|Fabricación|Industria
Fabric and Apparel Patternmakers,Diseño|Indumentaria|Textil
Upholsterers,Artesanía|Diseño|Textil
Cabinetmakers and Bench Carpenters,Artesanía|Madera|Diseño
Furniture Finishers,Industria|Diseño|Madera
"Model Makers, Wood",Artesanía|Madera|Diseño
"Patternmakers, Wood",Diseño|Madera|Artesanía
"Sawing Machine Setters, Operators, y Tenders, Wood",Maquinaria|Madera|Industria
"Woodworking Machine Setters, Operators, y Tenders, Except Sawing",Madera|Industria|Tecnología
Nuclear Power Reactor Operators,Energía|Física|Ingeniero
Power Distributors and Dispatchers,Energía|Electricidad|Tecnología
Power Plant Operators,Energía|Física|Ingeniero
Biomass Plant Technicians,Industria|Sostenibilidad|Energía
Hydroelectric Plant Technicians,Energía|Física|Ingeniero
Stationary Engineers and Boiler Operators,Energía|Física|Ingeniero
Water and Wastewater Treatment Plant and System Operators,Ingeniero|Sostenibilidad|Energía
Chemical Plant and System Operators,Ingeniero|Química|Industria
Gas Plant Operators,Energía|Física|Ingeniero
"Petroleum Pump System Operators, Refinery Operators, and Gaugers",Ingeniero|Petróleo|Industria
Biofuels Processing Technicians,Bioquímica|Sostenibilidad|Energía
Chemical Equipment Operators and Tenders,Química|Ingeniero|Industria
"Separating, Filtering, Clarifying, Precipitating, and Still Machine Setters, Operators, y Tenders",Química|Ingeniero|Industria
"Crushing, Grinding, and Polishing Machine Setters, Operators, y Tenders",Ingeniero|Máquinas|Trabajo
"Grinding and Polishing Workers, Hand",Máquinas|Trabajo
"Mixing and Blending Machine Setters, Operators, y Tenders",Química|Industrial
"Cutters and Trimmers, Hand",Artes|Trabajo
"Cutting and Slicing Machine Setters, Operators, y Tenders",Máquinas|Alimentos
"Extruding, Forming, Pressing, and Compacting Machine Setters, Operators, y Tenders",Industrial|Máquinas
"Furnace, Kiln, Oven, Drier, and Kettle Operators and Tenders",Química|Energía
"Inspectors, Testers, Sorters, Samplers, y Weighers",Producción|Industrial
Jewelers and Precious Stone and Metal Workers,Joyería|Artes
Gem and Diamond Workers,Gemología|Artes
Dental Laboratory Technicians,Odontología|Ciencia
Medical Appliance Technicians,Enfermería|Salud
Ophthalmic Laboratory Technicians,Optometría|Ciencia
Packaging and Filling Machine Operators and Tenders,Empresas|Industrial
"Painting, Coating, and Decorating Workers",Diseño|Artes
"Coating, Painting, y Spraying Machine Setters, Operators, y Tenders",Máquinas|Coatings
Semiconductor Processing Technicians,Electrónica|Tecnología
Photographic Process Workers and Processing Machine Operators,Física|Tecnología
Computer Numerically Controlled Tool Operators,Computación|Informática
Computer Numerically Controlled Tool Programmers,Programación|Informática
Adhesive Bonding Machine Operators and Tenders,Química|Industrial
"Cleaning, Washing, y Metal Pickling Equipment Operators and Tenders",Enfermería|Higiene
Cooling and Freezing Equipment Operators and Tenders,Industria|Refrigeración
Etchers y Engravers,Diseño|Artes
"Molders, Shapers, y Casters, Except Metal and Plastic",Diseño|Industrial
"Stone Cutters and Carvers, Manufacturing",Industria|Artes
"Glass Blowers, Molders, Benders, y Finishers",Artes|Industria
"Potters, Manufacturing",Joyería|Artes
"Paper Goods Machine Setters, Operators, y Tenders",Producción|Papelera
Tire Builders,Máquinas|Industrial
Helpers--Production Workers,Trabajo|Producción
Aircraft Cargo Handling Supervisors,Aerolíneas|Transporte
"First-Line Supervisors of Helpers, Laborers, y Material Movers, Hand",Trabajo|Producción
Recycling Coordinators,Medio Ambiente|Industria
First-Line Supervisors of Material-Moving Machine and Vehicle Operators,Trabajo|Transporte
First-Line Supervisors of Passenger Attendants,Transporte|Servicios
"Airline Pilots, Copilots, y Flight Engineers",Aviación|Transporte
Commercial Pilots,Aerolíneas|Transporte
Air Traffic Controllers,Transporte|Aerolíneas
Airfield Operations Specialists,Transporte|Aerolíneas
Flight Attendants,Turismo|Enseñanza|Gestión
"Ambulance Drivers and Attendants, Except Emergency Medical Technicians",Enfermería|Seguridad|Producción
Driver/Sales Workers,Comercio|Marketing|Relaciones
Heavy and Tractor-Trailer Truck Drivers,Ingeniero|Logística|Transporte
Light Truck Drivers,Ingeniero|Logística|Transporte
"Bus Drivers, School",Educación|Administración|Público
"Bus Drivers, Transit and Intercity",Transporte|Gestión|Público
Shuttle Drivers and Chauffeurs,Turismo|Enseñanza|Gestión
Taxi Drivers,Turismo|Enseñanza|Gestión
Locomotive Engineers,Ingeniero|Energía|Producción
"Rail Yard Engineers, Dinkey Operators, and Hostlers",Ingeniero|Energía|Producción
"Railroad Brake, Signal, and Switch Operators and Locomotive Firers",Ingeniero|Energía|Producción
Railroad Conductors and Yardmasters,Transporte|Gestión|Público
Subway and Streetcar Operators,Transporte|Gestión|Público
Sailors and Marine Oilers,Inglaterra|Artes|Navegación
"Captains, Mates, and Pilots of Water Vessels",Inglaterra|Artes|Navegación
Motorboat Operators,Inglaterra|Artes|Navegación
Ship Engineers,Ingeniero|Energía|Producción
Bridge and Lock Tenders,Ingeniero|Energía|Producción
Parking Attendants,Turismo|Enseñanza|Gestión
Automotive and Watercraft Service Attendants,Comercio|Marketing|Relaciones
Aircraft Service Attendants,Aviación|Enseñanza|Gestión
Traffic Technicians,Tráfico|Ingeniero|Producción
Transportation Inspectors,Transporte|Gestión|Público
Aviation Inspectors,Aviación|Enseñanza|Gestión
"Transportation Vehicle, Equipment and Systems Inspectors, Except Aviation",Transporte|Gestión|Público
Passenger Attendants,Turismo|Enseñanza|Gestión
Conveyor Operators and Tenders,Ingeniero|Energía|Producción
Crane and Tower Operators,Ingeniero|Energía|Producción
Dredge Operators,Ingeniero|Energía|Producción
Hoist and Winch Operators,Ingeniero|Energía|Producción
Industrial Truck and Tractor Operators,Ingeniero|Energía|Producción
Cleaners of Vehicles and Equipment,Comercio|Marketing|Relaciones
"Laborers and Freight, Stock, and Material Movers, Hand",Trabajo|Administración|Público
Recycling and Reclamation Workers,Medio Ambiental|Producción|Gestión
Machine Feeders and Offbearers,Industria|Producción|Trabajo
"Packers and Packagers, Hand",Comercio|Marketing|Relaciones
Stockers and Order Fillers,Comercio|Marketing|Relaciones
Gas Compressor and Gas Pumping Station Operators,Ingeniero|Energía|Producción
"Pump Operators, Except Wellhead Pumpers",Ingeniero|Energía|Producción
Wellhead Pumpers,Tecnología De Petróleo|Instrumentación|Física De Fluidos
Refuse and Recyclable Material Collectors,Recursos Naturales|Gestión Ambiental|Ingeniero De Servicios
"Tank Car, Truck, and Ship Loaders",Ingeniero Industrial|Transporte|Logística
